CourseTitle;PaperTitle;Year;Venue;URL
Introduction to Computers and Engineering Problem Solving;Problem-solving with personal computers;1998;Introduction to Physical Chemistry;https://doi.org/10.1017/cbo9781139170925.014
Introduction to Computers and Engineering Problem Solving;Computers In Engineering;2001;Engineering Problem Solving;https://doi.org/10.1016/b978-081551447-3.50016-9
Introduction to Computers and Engineering Problem Solving;Introduction;2007;Computational Physics;https://doi.org/10.1002/9783527618835.ch1
Introduction to Computers and Engineering Problem Solving;Introduction to Problem Solving;2024;Engineering Technology Problem Solving;https://doi.org/10.1201/9781003573814-1
Uncertainty in Engineering;Uncertainty Analysis of Engineering Systems;2025;Risk and Uncertainty for Civil Engineering;https://doi.org/10.1201/9781032700373-5
Uncertainty in Engineering;Uncertainty in Measurement; ;Springer Series in Reliability Engineering;https://doi.org/10.1007/978-0-387-46328-5_1
Uncertainty in Engineering;Fuzzy Variables and Measurement Uncertainty; ;Springer Series in Reliability Engineering;https://doi.org/10.1007/978-0-387-46328-5_2
Uncertainty in Engineering;Uncertainty Measures;2006;Uncertainty Modeling and Analysis in Engineering and the Sciences;https://doi.org/10.1201/9781420011456-8
Uncertainty in Engineering;Visualization of Uncertainty;2006;Uncertainty Modeling and Analysis in Engineering and the Sciences;https://doi.org/10.1201/9781420011456-12
Project Evaluation;Project Evaluation Management;2018;The Basics of Project Evaluation and Lessons Learned;https://doi.org/10.1201/b17345-13
Project Evaluation;Impact evaluation of the National Rural Livelihoods Project;2020; ;https://doi.org/10.23846/b/ie/202013
Project Evaluation;Survey of Literature on Cost-Benefit Analysis for Industrial Project Evaluation;1972;Project Evaluation;https://doi.org/10.1007/978-1-349-01653-2_2
Project Evaluation;Evaluation Report for Q2Work Project ;2024; ;https://doi.org/10.51420/report.2024.1
Project Evaluation;PROJECT EVALUATION AND REVIEW TECHNIQUE; ;SpringerReference;https://doi.org/10.1007/springerreference_7102
Introduction to Civil Engineering Design;Concrete Mix Design;2020;Civil Engineering Materials;https://doi.org/10.1201/9780429275111-4
Introduction to Civil Engineering Design;Asphalt Mix Design;2020;Civil Engineering Materials;https://doi.org/10.1201/9780429275111-7
Introduction to Civil Engineering Design;Civil Engineering Design; ; ;https://doi.org/10.1002/(issn)2625-073x
Introduction to Civil Engineering Design;Introduction to Sub-Branches of Civil Engineering Fields through a Creative Freshmen Civil Engineering Design Course; ;2015 ASEE Annual Conference and Exposition Proceedings;https://doi.org/10.18260/p.24372
Introduction to Civil Engineering Design;Introduction;2023;Experiment Design for Civil Engineering;https://doi.org/10.1201/9781003346685-1
Computing and Data Analysis for Environmental Applications;Intelligent Data Analysis in Environmental Sampling;2005;2005 IEEE Intelligent Data Acquisition and Advanced Computing Systems: Technology and Applications;https://doi.org/10.1109/idaacs.2005.283056
Computing and Data Analysis for Environmental Applications;Big Data Analysis and Machine Learning for Green Computing;2021;Big Data Analysis for Green Computing;https://doi.org/10.1201/9781003032328-7
Computing and Data Analysis for Environmental Applications;The Rise of Big Data on Cloud Computing;2021;Big Data Analysis for Green Computing;https://doi.org/10.1201/9781003032328-3
Computing and Data Analysis for Environmental Applications;Big Data Analysis in Cloud Using Machine Learning;2018;Advances in Parallel Computing;https://doi.org/10.3233/978-1-61499-814-3-107
Computing and Data Analysis for Environmental Applications;8 Data envelopment analysis;2023;Environmental Data Analysis;https://doi.org/10.1515/9783111012681-008
Ecology I: The Earth System;Ecology and the Earth System;1998;Earth System Analysis;https://doi.org/10.1007/978-3-642-52354-0_5
Ecology I: The Earth System;Commentary on Ecology and the Earth System;1998;Earth System Analysis;https://doi.org/10.1007/978-3-642-52354-0_6
Ecology I: The Earth System;INTRODUCTION:;2015;Earth Life and System;https://doi.org/10.2307/j.ctt16f8c7f.5
Ecology I: The Earth System;Introduction: Earth Life and System;2020;Earth Life and System;https://doi.org/10.1515/9780823265275-003
Ecology I: The Earth System;Color plates;2015;Earth Life and System;https://doi.org/10.2307/j.ctt16f8c7f.14
Ecology II: Engineering for Sustainability;System dynamics II: feedback;2014;Understanding Human Ecology;https://doi.org/10.4324/9780203109557-18
Ecology II: Engineering for Sustainability;Integrating small island sustainability;2012;WIT Transactions on Ecology and The Environment;https://doi.org/10.2495/islands120091
Ecology II: Engineering for Sustainability;Industrial Ecology and Sustainable Engineering Concepts;2023;Industrial Ecology and Sustainability;https://doi.org/10.1142/9789811277610_0004
Ecology II: Engineering for Sustainability;Island Sustainability II;2012;WIT Transactions on Ecology and The Environment;https://doi.org/10.2495/islands12
Ecology II: Engineering for Sustainability;Energy and Sustainability II;2009;WIT Transactions on Ecology and the Environment;https://doi.org/10.2495/esu09
Introduction to Network Models;Network Models;2015;Introduction to Computational Models with Python;https://doi.org/10.1201/b18861-33
Introduction to Network Models;INTRODUCTION;2023;Longitudinal Network Models;https://doi.org/10.4135/9781071938904.n1
Introduction to Network Models;Background and motivation for the introduction of network models;2012;Introduction to the Network Approximation Method for Materials Modeling;https://doi.org/10.1017/cbo9781139235952.003
Introduction to Network Models;Network Models;2014;Social Media Mining;https://doi.org/10.1017/cbo9781139088510.005
Introduction to Network Models;Introduction to Mental disorders network models and dynamical systems;2017;Oxford Medicine Online;https://doi.org/10.1093/med/9780198796022.003.0010
Mechanics of Material Systems: An Energy Approach;Energy Approach to Material Hardness Determination;2015;Applied Mechanics and Materials;https://doi.org/10.4028/www.scientific.net/amm.788.170
Mechanics of Material Systems: An Energy Approach;Symbolic Algebra Approach to Composite Materials Analysis;1992;Local Mechanics Concepts for Composite Material Systems;https://doi.org/10.1007/978-3-642-84792-9_19
Mechanics of Material Systems: An Energy Approach;Entropy-Oriented Mechanics (EOM): Order-Energy Co-Optimization for Multi-State Material Systems;2025; ;https://doi.org/10.2139/ssrn.5592550
Mechanics of Material Systems: An Energy Approach;Experimental Mechanics for Prognosis of Material State Changes in Heterogeneous Materials for Energy Systems;2025;Experimental Mechanics on Emerging Energy Systems and Materials Volume 5;https://doi.org/10.1007/978-1-4419-9798-2_1
Project Management;Project management: Project Management;2023; ;https://doi.org/10.12737/1859087
Project Management;Project management; ; ;https://doi.org/10.3403/01970881
Project Management;Project management; ; ;https://doi.org/10.3403/01970881
Project Management;Project management; ; ;https://doi.org/10.3403/02575754
Project Management;Establishing a project organization and a project-management process for telecommunications project management;1995;International Journal of Project Management;https://doi.org/10.1016/0263-7863(95)95700-n
Solid Mechanics;Introduction to Solid Mechanics;2025;An Introduction to Solid Mechanics;https://doi.org/10.1017/9781009479219.002
Solid Mechanics;Solid Mechanics;1992;Solid Mechanics and Its Applications;https://doi.org/10.1007/978-94-015-8026-7
Solid Mechanics;Solid mechanics at finite strains;2012;Nonlinear Solid Mechanics;https://doi.org/10.1017/cbo9781139178938.005
Solid Mechanics;Iutam Symposium Advanced Optical Methods and Applications in Solid Mechanics; ;Solid Mechanics and its Applications;https://doi.org/10.1007/0-306-46948-0_68
Solid Mechanics;Foundations of Solid Mechanics;1991;Solid Mechanics and Its Applications;https://doi.org/10.1007/978-94-011-3814-7
Engineering Mechanics I;Engineering mechanics; ; ;https://doi.org/10.58225/engineeringmechanics
Engineering Mechanics I;Probabilistic engineering mechanics;1993;Probabilistic Engineering Mechanics;https://doi.org/10.1016/0266-8920(93)90032-q
Engineering Mechanics I;Probabilistic engineering mechanics;1996;Probabilistic Engineering Mechanics;https://doi.org/10.1016/s0266-8920(96)90002-8
Engineering Mechanics I;WITHDRAWN: Engineering Fracture Mechanics Special Issue—Mechanics of Fracture and Failure in Geomaterials;2002;Engineering Fracture Mechanics;https://doi.org/10.1016/s0013-7944(02)00060-7
Engineering Mechanics I;Structural mechanics;1979;Engineering Fracture Mechanics;https://doi.org/10.1016/0013-7944(79)90085-7
Structural Engineering Design;Empirical design in structural engineering;2023;Empirical Design in Structural Engineering;https://doi.org/10.1680/edse.66335.001
Structural Engineering Design;Structural Fire Engineering Design;2024;Structural Design of Buildings: Holistic Design;https://doi.org/10.1680/978-1-83549-560-520241010
Structural Engineering Design;Structural fire engineering design;2011;Structural Fire Engineering;https://doi.org/10.1680/sfe.41417.039
Structural Engineering Design;Structural reliability and structural design;1984;Probabilistic Methods in Structural Engineering;https://doi.org/10.1201/9781482267457-13
Structural Engineering Design;Reliability-Based Structural Design;2005;Handbook of Structural Engineering;https://doi.org/10.1201/9781420039931-18
Mechanics and Design of Concrete Structures;Part 20: Concrete structures concrete design;2013;Research and Applications in Structural Engineering Mechanics and Computation;https://doi.org/10.1201/b15963-270
Mechanics and Design of Concrete Structures;Response of Plain and Reinforced Concrete Structures Under Cyclic Loadings;1992;SP-134: Concrete Design Based on Fracture Mechanics;https://doi.org/10.14359/2710
Mechanics and Design of Concrete Structures;Fracture mechanics based design of reinforced concrete beams-An analytical study;2019;Proceedings of the 10th International Conference on Fracture Mechanics of Concrete and Concrete Structures;https://doi.org/10.21012/fc10.244962
Mechanics and Design of Concrete Structures;Strut efficiency factors in design of reinforced concrete deep beams;2019;Proceedings of the 10th International Conference on Fracture Mechanics of Concrete and Concrete Structures;https://doi.org/10.21012/fc10.235531
Mechanics and Design of Concrete Structures;Simplified Design Approach of Steel Fiber Reinforced Concrete Under Flexural Load;2019;Proceedings of the 10th International Conference on Fracture Mechanics of Concrete and Concrete Structures;https://doi.org/10.21012/fc10.234838
Engineering Mechanics II;Probabilistic engineering mechanics;1996;Probabilistic Engineering Mechanics;https://doi.org/10.1016/s0266-8920(96)90002-8
Engineering Mechanics II;Preface;2025;Engineering Mechanics;https://doi.org/10.21495/em2025-i
Engineering Mechanics II;Editorial Board;2019;Probabilistic Engineering Mechanics;https://doi.org/10.1016/s0266-8920(19)30089-x
Engineering Mechanics II;Editorial Board;2018;Probabilistic Engineering Mechanics;https://doi.org/10.1016/s0266-8920(18)30177-2
Engineering Mechanics II;Editorial Board;2018;Engineering Fracture Mechanics;https://doi.org/10.1016/s0013-7944(18)30554-x
Transport Processes in the Environment;Canopy Transport Processes;1988;Flow and Transport in the Natural Environment: Advances and Applications;https://doi.org/10.1007/978-3-642-73845-6_7
Transport Processes in the Environment;Canopy Transport Processes: Commentary;1988;Flow and Transport in the Natural Environment: Advances and Applications;https://doi.org/10.1007/978-3-642-73845-6_8
Transport Processes in the Environment;SCALING | Transport Processes;2005;Encyclopedia of Soils in the Environment;https://doi.org/10.1016/b0-12-348530-4/00570-1
Transport Processes in the Environment;Phosphorus Transport in Streams: Processes and Modeling Considerations;2006;Modeling Phosphorus in the Environment;https://doi.org/10.1201/9781420005417-11
Introduction to Civil and Environmental Engineering Design I;Design of Settling System: An Introduction;2017;Springer Transactions in Civil and Environmental Engineering;https://doi.org/10.1007/978-81-322-3634-4_11
Introduction to Civil and Environmental Engineering Design I;Introduction;2015;Springer Transactions in Civil and Environmental Engineering;https://doi.org/10.1007/978-81-322-2322-1_1
Introduction to Civil and Environmental Engineering Design I;Introduction;2017;Springer Transactions in Civil and Environmental Engineering;https://doi.org/10.1007/978-81-322-3634-4_1
Introduction to Civil and Environmental Engineering Design I;MODELS AND DESIGN IN ENGINEERING;1999;Civil Engineering and Environmental Systems;https://doi.org/10.1080/02630259908970248
Introduction to Civil and Environmental Engineering Design I;INTRODUCTION;2011;European Journal of Environmental and Civil Engineering;https://doi.org/10.1080/19648189.2011.9695301
Civil Engineering Materials Laboratory;PRECISION CONTROL METHOD FOR PRE-STRESSING CONSTRUCTION OF SUSPEN-DOME STRUCTURES;2014;Volume 10 Number 4;https://doi.org/10.18057/ijasc.2014.10.4.3
Civil Engineering Materials Laboratory;Impact of industrial waste fillers in self-compacting mortars A comparative analysis of mechanical performance;2025;Research on Engineering Structures and Materials;https://doi.org/10.17515/resm2025-978me0718rs
Civil Engineering Materials Laboratory;Laboratory Testing;2020;Civil Engineering Materials;https://doi.org/10.1201/9780429275111-13
Civil Engineering Materials Laboratory;Civil Engineering Materials;2020; ;https://doi.org/10.1201/9780429275111
Civil Engineering Materials Laboratory;Sustainability in Materials;2020;Civil Engineering Materials;https://doi.org/10.1201/9780429275111-12
Solid Mechanics Laboratory;Innovation In Solid Mechanics Laboratory; ;2003 Annual Conference Proceedings;https://doi.org/10.18260/1-2--11939
Solid Mechanics Laboratory;19. Interaction of Concentrated Electron Beams with a Solid Body;2016;Physical Mechanics Laboratory Workshops;https://doi.org/10.1615/978-1-56700-310-9.280
Solid Mechanics Laboratory;Review of research solid mechanics laboratory for 2020–2022;2022;Multiphase Systems;https://doi.org/10.21662/mfs2022.1.006
Solid Mechanics Laboratory;Research Needs in Solid Waste Mechanics;2011;Geotechnical Characterization Field Measurement and Laboratory Testing of Municipal Solid Waste;https://doi.org/10.1061/41146(395)12
Solid Mechanics Laboratory;NUMERICAL MODELING OF FLOW NATURAL CONVECTION IN A THERMOSIPHON: THERMAL PANACHE.;2018;International Journal of Advanced Research;https://doi.org/10.21474/ijar01/6655
Foundations of Software Engineering;ENGINEERING FOUNDATIONS OF SOFTWARE ENGINEERING;2007;Software Engineering Foundations;https://doi.org/10.1201/9780203496091-18
Foundations of Software Engineering;COMPUTING FOUNDATIONS OF SOFTWARE ENGINEERING;2007;Software Engineering Foundations;https://doi.org/10.1201/9780203496091-14
Foundations of Software Engineering;ECONOMICS FOUNDATIONS OF SOFTWARE ENGINEERING;2007;Software Engineering Foundations;https://doi.org/10.1201/9780203496091-22
Foundations of Software Engineering;PHILOSOPHICAL FOUNDATIONS OF SOFTWARE ENGINEERING;2007;Software Engineering Foundations;https://doi.org/10.1201/9780203496091-12
Foundations of Software Engineering;LINGUISTIC FOUNDATIONS OF SOFTWARE ENGINEERING;2007;Software Engineering Foundations;https://doi.org/10.1201/9780203496091-15
Masters of Engineering Concepts of Engineering Practice;Time concepts in real-time software;1993;Control Engineering Practice;https://doi.org/10.1016/0967-0661(93)92120-s
Masters of Engineering Concepts of Engineering Practice;031 Adaptive vs robust control: Information based concepts;1993;Control Engineering Practice;https://doi.org/10.1016/0967-0661(93)90050-2
Masters of Engineering Concepts of Engineering Practice;Time concepts in real-time software;1993;Control Engineering Practice;https://doi.org/10.1016/0967-0661(93)92099-p
Masters of Engineering Concepts of Engineering Practice;DREAMS — concepts of a istributed -time anagement ystem;1996;Control Engineering Practice;https://doi.org/10.1016/0967-0661(96)00156-6
Masters of Engineering Concepts of Engineering Practice;‘Neural networks and intellect-using model based concepts’;2005;Control Engineering Practice;https://doi.org/10.1016/j.conengprac.2004.05.004
Probability and Statistics in Engineering;Probability and Statistics (Descriptive Statistics);2018;Engineering Modelling and Analysis;https://doi.org/10.1201/9781315274867-26
Probability and Statistics in Engineering;GS_121 — Uncertainty statistics and probability (2);2011;Applications of Statistics and Probability in Civil Engineering;https://doi.org/10.1201/b11332-434
Probability and Statistics in Engineering;GS_111 — Uncertainty statistics and probability (1);2011;Applications of Statistics and Probability in Civil Engineering;https://doi.org/10.1201/b11332-428
Introduction to Transportation Systems;Introduction to Transportation Systems;2008;Transportation Systems Security;https://doi.org/10.1201/9781420063790-6
Introduction to Transportation Systems;Introduction To Transportation Systems;2008;Transportation Systems Security;https://doi.org/10.1201/9781420063790.ch1
Introduction to Transportation Systems;Introduction: Introduction;2001;Air Transportation Systems Engineering;https://doi.org/10.2514/5.9781600866630.0001.0006
Transportation Systems Analysis: Demand and Economics;Transportation Demand Analysis;1996;Transportation Systems and Service Policy;https://doi.org/10.1007/978-1-4615-4076-2_2
Transportation Systems Analysis: Demand and Economics;I. The Economics of Transportation;1968;India’S Demand for Transportation;https://doi.org/10.7312/weld91568-003
Transportation Systems Analysis: Demand and Economics;The Demand for Transportation;2015;Concepts of Transportation Economics;https://doi.org/10.1142/9789814656177_0002
Transportation Systems Analysis: Demand and Economics;Utility maximisation demand systems and functional form in transport demand analysis;1979;Transportation Planning and Technology;https://doi.org/10.1080/03081067908717168
Transportation Systems Analysis: Demand and Economics;How does the ride-hailing systems demand affect individual transport regulation?;2018;Research in Transportation Economics;https://doi.org/10.1016/j.retrec.2018.06.010
Logistical and Transportation Planning Methods;Freight Transportation Planning: Models and Methods;2002;Transportation Systems Planning;https://doi.org/10.1201/9781420042283-9
Logistical and Transportation Planning Methods;The accuracy in estimating truck class rates for logistical planning;1991;Transportation Research Part A: General;https://doi.org/10.1016/0191-2607(91)90011-e
Logistical and Transportation Planning Methods;Transportation Systems Planning;2002;Transportation Systems Planning;https://doi.org/10.1201/9781420042283-6
Logistical and Transportation Planning Methods;Dynamic optimization model for planning of integrated logistical system functioning;2023;Dynamic optimization model for planning of integrated logistical system functioning;https://doi.org/10.31375/978-966-7716-92-9-48-58
Logistical and Transportation Planning Methods;Spatial Behavior in Transportation Modeling and Planning;2002;Transportation Systems Planning;https://doi.org/10.1201/9781420042283-8
Computer Algorithms in Systems Engineering;Engineering of Computer Vision Algorithms Using Evolutionary Algorithms;2009;Lecture Notes in Computer Science;https://doi.org/10.1007/978-3-642-04697-1_34
Computer Algorithms in Systems Engineering;Approximation Algorithms for Process Systems Engineering;2018;Computer Aided Chemical Engineering;https://doi.org/10.1016/b978-0-444-64235-6.50101-7
Computer Algorithms in Systems Engineering;Attack Detection Using Unsupervised Learning Algorithms in Cyber-Physical Systems;2021;Computer Aided Chemical Engineering;https://doi.org/10.1016/b978-0-323-88506-5.50194-7
Computer Algorithms in Systems Engineering;Enhancing Tumor Classification Through Machine Learning Algorithms for Breast Cancer Diagnosis;2024;Computer Engineering and Intelligent Systems;https://doi.org/10.7176/ceis/15-1-08
Computer Algorithms in Systems Engineering;Hardware algorithms for VLSI systems; ;Lecture Notes in Computer Science;https://doi.org/10.1007/bfb0043450
Airline Schedule Planning;Airline Schedule Planning Decisions;2018;Airline Network Planning and Scheduling;https://doi.org/10.1002/9781119275909.ch3
Airline Schedule Planning;Schedule Robustness;2018;Airline Network Planning and Scheduling;https://doi.org/10.1002/9781119275909.ch21
Airline Schedule Planning;The Schedule Adjustment Problem;2018;Airline Network Planning and Scheduling;https://doi.org/10.1002/9781119275909.ch14
Airline Schedule Planning;Examples on the Schedule Adjustment Problem;2018;Airline Network Planning and Scheduling;https://doi.org/10.1002/9781119275909.ch15
Airline Schedule Planning;`Airline Operations and Delay Management Insights from Airline Economics Networks and Strategic Schedule Planning` by Cheng-Lung Wu;2010;Journal of Airport Management;https://doi.org/10.69554/szoo6424
An Introduction to Intelligent Transportation Systems;Introduction to Intelligent Transportation Systems;2016;Studies in Systems Decision and Control;https://doi.org/10.1007/978-3-319-28183-4_1
An Introduction to Intelligent Transportation Systems;INTRODUCTION;2008;Transportation Infrastructure Security Utilizing Intelligent Transportation Systems;https://doi.org/10.1002/9780470432853.ch1
An Introduction to Intelligent Transportation Systems;Connected and automated vehicle systems: Introduction and overview;2017;Journal of Intelligent Transportation Systems;https://doi.org/10.1080/15472450.2017.1336053
An Introduction to Intelligent Transportation Systems;Introduction;2019;Sensor and Data Fusion for Intelligent Transportation Systems;https://doi.org/10.1117/3.2525400.ch1
Transportation Systems;Introduction to Transportation Systems;2008;Transportation Systems Security;https://doi.org/10.1201/9781420063790-6
Transportation Systems;Transportation Systems Planning;2002;Transportation Systems Planning;https://doi.org/10.1201/9781420042283-6
Transportation Systems;Microwave Beamforming Networks for Intelligent Transportation Systems;2012;Intelligent Transportation Systems;https://doi.org/10.5772/26180
Transportation Systems;Public Transportation Systems for Urban Planners and Designers: The Urban Morphology of Public Transportation Systems;2013;Urban Public Transportation Systems 2013;https://doi.org/10.1061/9780784413210.008
Transportation Systems;Standardisation of maglev transportation systems in Russia;2018;Transportation Systems and Technology;https://doi.org/10.17816/transsyst20184432-43
Transportation Policy Strategy and Management;National transportation policy: Effective strategy or political symbolism? A case study in maritime policy development; ;Transportation Research Part A: Policy and Practice;https://doi.org/10.1016/0965-8564(96)81127-x
Transportation Policy Strategy and Management;Can a strategy of integrated air-bus services create a value proposition for regional aviation management?; ;Transportation Research Part A: Policy and Practice;https://doi.org/10.1016/j.tra.2019.12.013
Transportation Policy Strategy and Management;Determining the factors affecting transportation demand management and selecting the best strategy: A case study; ;Transport Policy;https://doi.org/10.1016/j.tranpol.2023.11.003
Transportation Policy Strategy and Management;A State Cooperative Automated Transportation Strategy: Linking Policy and Deployment; ;https://doi.org/10.26226/m.63283143f30377bc3baf7c40;
Carrier Systems;Basic Principles of Multi-Carrier Communication Systems;2016;Multi-Carrier Communication Systems with Examples in MATLAB;https://doi.org/10.1201/b19273-8
Carrier Systems;Packaging. Small load carrier systems; ; ;https://doi.org/10.3403/bsen13199
Carrier Systems;Distribution automation using distribution line carrier systems. Lower layer profiles; ; ;https://doi.org/10.3403/02551652
Carrier Systems;Distribution automation using distribution line carrier systems. Lower layer profiles; ; ;https://doi.org/10.3403/02551652
Carrier Systems;Clipping in Multi-Carrier Systems; ;Information Technology: Transmission Processing and Storage;https://doi.org/10.1007/0-387-22576-5_4
Transportation Flow Systems;Impossibility of superconductivity electric flow;2016;Transportation systems and technology;https://doi.org/10.17816/transsyst201623119-132
Transportation Flow Systems;Defining Traffic Flow Phases Using Intelligent Transportation Systems-Generated Data;2007;Journal of Intelligent Transportation Systems;https://doi.org/10.1080/15472450601122322
Transportation Flow Systems;Ponton (flow) bridges from metal polyethylene pipes;2021;Transportation Systems and Technology;https://doi.org/10.17816/transsyst20217137-45
Transportation Flow Systems;Intelligent Data-Driven Energy Flow Controllers for Renewable Energy and Electrified Transportation Systems;; ;https://doi.org/10.31390/gradschool_dissertations.5394
Urban Transportation Planning;Transportation Planning Recent Trends in Urban Transportation 236 Paying for Transportation 240 Transportation Planning and Land;2015;Contemporary Urban Planning;https://doi.org/10.4324/9781315664453-17
Urban Transportation Planning;Roots of Urban Transportation Planning;2012;Urban Transportation Planning in the United States;https://doi.org/10.1007/978-1-4614-5407-6_3
Urban Transportation Planning;Roots of Urban Transportation Planning;2016;Urban Transportation Planning in the United States;https://doi.org/10.1007/978-3-319-93975-1_3
Urban Transportation Planning;Beginnings of Urban Transportation Planning;1999;Urban Transportation Planning in the United States;https://doi.org/10.5040/9798216031154.0007
Urban Transportation Planning;Beginnings of Multimodal Urban Transportation Planning;2016;Urban Transportation Planning in the United States;https://doi.org/10.1007/978-3-319-39975-1_8
Transportation Policy and Environmental Limits;Curbside parking time limits;2013;Transportation Research Part A: Policy and Practice;https://doi.org/10.1016/j.tra.2013.07.009
Transportation Policy and Environmental Limits;Simulation-based policy analysis: The case of urban speed limits;2023;Transportation Research Part A: Policy and Practice;https://doi.org/10.1016/j.tra.2023.103754
Transportation Policy and Environmental Limits;Traffic safety: Speed limits strict liability and a km tax;2006;Transportation Research Part A: Policy and Practice;https://doi.org/10.1016/j.tra.2005.06.003
Transportation Policy and Environmental Limits;GERMAN ENVIRONMENTAL POLICY-MAKING PROCESSES;1995;Controlling Environmental Policy;https://doi.org/10.2307/j.ctt1dt00hh.9
Public Transportation Systems;Public Transportation Systems for Urban Planners and Designers: The Urban Morphology of Public Transportation Systems;2013;Urban Public Transportation Systems 2013;https://doi.org/10.1061/9780784413210.008
Public Transportation Systems;Public Transportation Systems;2022;Transportation Engineering;https://doi.org/10.1016/b978-0-323-90813-9.00007-2
Public Transportation Systems;Public Transportation Systems;2017;Transportation Engineering;https://doi.org/10.1016/b978-0-12-803818-5.00007-x
Public Transportation Systems;Urban Public Transportation Systems in Ghana;2004;Urban Public Transportation System;https://doi.org/10.1061/40717(148)1
Public Transportation Systems;Maglev trends in public transport: the perspectives of maglev transportation systems;2018;Transportation Systems and Technology;https://doi.org/10.17816/transsyst201843s15-12
Transit Management;Environmental management systems in mass transit;2023;Sustainable Mass Transit;https://doi.org/10.1016/b978-0-443-15271-9.00011-x
Database Internet and Systems Integration Technologies;Integration of Database and Internet Technologies for Scalable End-to-End E-Commerce Systems; ;Architectural Issues of Web-Enabled Electronic Business;https://doi.org/10.4018/9781591400493.ch006
Database Internet and Systems Integration Technologies;Views; ;Web Information Systems Engineering and Internet Technologies Book Series;https://doi.org/10.1007/0-387-23568-x_6
Database Internet and Systems Integration Technologies;Conclusion; ;Web Information Systems Engineering and Internet Technologies Book Series;https://doi.org/10.1007/0-387-23568-x_8
Database Internet and Systems Integration Technologies;Applications and Systems Integration; ;Internet Computing;https://doi.org/10.1007/978-3-031-61014-1_5
Soil Behavior;THE LAWS OF SOIL COLLOIDAL BEHAVIOR;1931;Soil Science;https://doi.org/10.1097/00010694-193111000-00002
Soil Behavior;Thermal Effects on Soil Behavior;2025;Fundamentals of Soil Behavior;https://doi.org/10.1002/9781119832348.ch12
Soil Behavior;Some Special Features of Soil Behavior;2025;Fundamentals of Soil Behavior;https://doi.org/10.1002/9781119832348.ch11
Soil Behavior;Fundamentals of Soil Behavior;1994;Soil Science;https://doi.org/10.1097/00010694-199407000-00009
Soil Behavior;Soil Behavior at the Microscale: Particle Forces;2003;Soil Behavior and Soft Ground Construction;https://doi.org/10.1061/40659(2003)2
Waste Containment and Remediation Technology;Waste Containment and Remediation;2005; ;https://doi.org/10.1061/9780784407899
Waste Containment and Remediation Technology;Contaminant plumes containment and remediation focus area. Technology summary;1995; ;https://doi.org/10.2172/85587
Waste Containment and Remediation Technology;Development of dry barriers for containment and remediation at waste sites;1994; ;https://doi.org/10.2172/10126152
Waste Containment and Remediation Technology;Potential use of Electrochemical Redox for In Situ Remediation of Benzene;2005;Waste Containment and Remediation;https://doi.org/10.1061/40789(168)38
Waste Containment and Remediation Technology;Prediction of Municipal Solid Waste Landfill Settlement with Leachate Recirculation;2005;Waste Containment and Remediation;https://doi.org/10.1061/40789(168)50
Advanced Soil Mechanics;Soil aggregate plasticity and classification;2013;Advanced Soil Mechanics;https://doi.org/10.1201/b15955-3
Advanced Soil Mechanics;Permeability;2013;Advanced Soil Mechanics;https://doi.org/10.1201/b15955-7
Advanced Soil Mechanics;Advanced Soil Mechanics;2019; ;https://doi.org/10.1201/9781351215183
Advanced Soil Mechanics;Seepage;2013;Advanced Soil Mechanics;https://doi.org/10.1201/b15955-8
Advanced Soil Mechanics;Consolidation;2013;Advanced Soil Mechanics;https://doi.org/10.1201/b15955-9
Advanced Geotechnical Engineering;advanced;2014;Dictionary Geotechnical Engineering/Wörterbuch GeoTechnik;https://doi.org/10.1007/978-3-642-41714-6_10661
Advanced Geotechnical Engineering;FINITE LAYER METHODS IN GEOTECHNICAL ANALYSIS J.C. SMALL and;1991;Advanced Geotechnical Analyses;https://doi.org/10.1201/9781482286656-20
Advanced Geotechnical Engineering;Advanced Geotechnical Analyses;2006; ;https://doi.org/10.4324/9780203975008
Advanced Geotechnical Engineering;Butterworths Advanced Series in Geotechnical Engineering;1985;Earth Reinforcement and Soil Structures;https://doi.org/10.1016/b978-0-408-03549-1.50001-7
Advanced Geotechnical Engineering;Introduction;2013;Advanced Geotechnical Engineering;https://doi.org/10.1201/b15578-4
Strategic Management in the Design and Construction Value Chain;Collaboration and Communication in the Design Chain: A Value-Based Approach;2008;Construction Supply Chain Management Handbook;https://doi.org/10.1201/9781420047462-9
Strategic Management in the Design and Construction Value Chain;Strategic value networks;2017;Strategic Supply Chain Alignment;https://doi.org/10.4324/9781315242262-17
Strategic Management in the Design and Construction Value Chain;Strategic supply chain management Creating shareholder value by aligning supply chain strategy with business strategy;2017;Strategic Supply Chain Alignment;https://doi.org/10.4324/9781315242262-10
Strategic Management in the Design and Construction Value Chain;The Value Chain;2008;Strategic Management;https://doi.org/10.4135/9781446216446.n12
Strategic Management in the Design and Construction Value Chain;Structuring Strategic Design Management: Michael Porter's Value Chain;1998;Design Management Journal (Former Series);https://doi.org/10.1111/j.1948-7169.1998.tb00201.x
The Impact of Globalization on the Built Environment;Notes;2005;Vernacular Modernism;https://doi.org/10.1515/9781503625204-011
The Impact of Globalization on the Built Environment;Vernacular Modernism;2005; ;https://doi.org/10.1515/9781503625204
The Impact of Globalization on the Built Environment;Contents;2005;Vernacular Modernism;https://doi.org/10.1515/9781503625204-toc
The Impact of Globalization on the Built Environment;How does globalization affect tourism?;2014;WIT Transactions on The Built Environment;https://doi.org/10.2495/ices20140841
The Impact of Globalization on the Built Environment;Frontmatter;2005;Vernacular Modernism;https://doi.org/10.1515/9781503625204-fm
E-Commerce and the Internet in Real Estate and Construction;Figure 3.4. Real estate transactions construction volume and number of new construction permits; ; ;https://doi.org/10.1787/561337770232
E-Commerce and the Internet in Real Estate and Construction;Turin Automatic Metro Line: Effects on Real Estate Market and on Commerce;2005;Book of Abstracts: 2005 European Real Estate Society conference in association with the International Real Estate Society - Dublin Ireland;https://doi.org/10.15396/eres2005_206
E-Commerce and the Internet in Real Estate and Construction;The Internet: An Information Resource for Real Estate Practice;1995;Proceedings of the Real Estate Society Conference - Stockholm Sweden;https://doi.org/10.15396/eres1995_145
Motion Based Design;Embedded motion controller design based on RTEX network;2013;Journal of Computer Applications;https://doi.org/10.3724/sp.j.1087.2013.03604
Motion Based Design;Video for Design of a Reverse-Electrowetting Transducer Based Wireless Self-Powered Motion Sensor; ; ;https://doi.org/10.1109/iscas45731.2020.9180973/video
Motion Based Design;Antenna Design Based on Optimization of Linear Motion Trajectory;2022;Antenna Optimization and Design Based on Binary Coding;https://doi.org/10.1007/978-981-16-7965-0_9
Motion Based Design;Sensor-based motion control of autonomous underwater vehicles part II: robust motion control strategies;2020;Autonomous Underwater Vehicles: Design and practice;https://doi.org/10.1049/sbra525e_ch3
Structural Analysis and Control;Structural decomposition theories and applications in multivariable control systems; ;Lecture Notes in Control and Information Sciences;https://doi.org/10.1007/bfb0042022
Structural Analysis and Control;Structural analysis; ;Diagnosis and Fault-Tolerant Control;https://doi.org/10.1007/978-3-540-35653-0_5
Structural Analysis and Control;Techniques in Active Dynamic Structural Control to Optimize Structural Controllers and Structural Parameters;2024;Structural Dynamic Systems Computational Techniques and Optimization;https://doi.org/10.1201/9781003580737-2
Structural Analysis and Control;Spectral analysis of nonsingular λ-matrices; ;Lecture Notes in Control and Information Sciences;https://doi.org/10.1007/bfb0042019
Structural Analysis and Control;Optimization in Structural Control Problems;2021;Metaheuristics for Structural Design and Analysis;https://doi.org/10.1002/9781119453628.ch7
Advanced Fluid Dynamics of the Environment;Fluid Dynamics of Gas - Solid Fluidized Beds;2012;Advanced Fluid Dynamics;https://doi.org/10.5772/25791
Advanced Fluid Dynamics of the Environment;Advanced Fluid Dynamics;2012; ;https://doi.org/10.5772/1520
Advanced Fluid Dynamics of the Environment;AFDM: An Advanced Fluid-Dynamics Model;1990; ;https://doi.org/10.2172/6545907
Advanced Fluid Dynamics of the Environment;Fluid Dynamics; ;Princeton Guide to Advanced Physics;https://doi.org/10.2307/j.ctv346t6x.8
Advanced Fluid Dynamics of the Environment;AFDM: An Advanced Fluid-Dynamics Model;1990; ;https://doi.org/10.2172/6641372
Groundwater Hydrology;Progress of groundwater hydrology and the groundwater governance;2020;Journal of Groundwater Hydrology;https://doi.org/10.5917/jagh.62.167
Groundwater Hydrology;Following the Water in Groundwater Hydrology;2021;Journal of Groundwater Hydrology;https://doi.org/10.5917/jagh.63.301
Groundwater Hydrology;;1991;Journal of Groundwater Hydrology;https://doi.org/10.5917/jagh1987.33.134
Groundwater Hydrology;Foreword on special issue of groundwater governance at the 60th Anniversary of Japanese Association of Groundwater Hydrology;2020;Journal of Groundwater Hydrology;https://doi.org/10.5917/jagh.62.163
Groundwater Hydrology;;1996;Journal of Groundwater Hydrology;https://doi.org/10.5917/jagh1987.38.e1
Chemicals in the Environment: Fate and Transport;Transport and Fate of Chemicals in the Environment Introduction;2012;Transport and Fate of Chemicals in the Environment;https://doi.org/10.1007/978-1-4614-5731-2_1
Chemicals in the Environment: Fate and Transport;Transport and Fate of Chemicals in the Environment (Introduction and Roadmap); ;SpringerReference;https://doi.org/10.1007/springerreference_308759
Chemicals in the Environment: Fate and Transport;Oceanic Fate and Transport of Chemicals;2012;Transport and Fate of Chemicals in the Environment;https://doi.org/10.1007/978-1-4614-5731-2_12
Chemicals in the Environment: Fate and Transport;Chemicals in the Environment Diffusive Transport;2012;Transport and Fate of Chemicals in the Environment;https://doi.org/10.1007/978-1-4614-5731-2_2
Chemicals in the Environment: Fate and Transport;Chemicals in the Environment Turbulent Transport;2012;Transport and Fate of Chemicals in the Environment;https://doi.org/10.1007/978-1-4614-5731-2_5
Water Resource Systems;12 Water Resource Systems Projects;1988;Developments in Water Science;https://doi.org/10.1016/s0167-5648(08)70931-6
Water Resource Systems;6 Simulation Models of Water Resource Systems;1988;Developments in Water Science;https://doi.org/10.1016/s0167-5648(08)70925-0
Water Resource Systems;13 Prospects of Water Resource Systems Analysis and Synthesis;1988;Developments in Water Science;https://doi.org/10.1016/s0167-5648(08)70932-8
Water Resource Systems;10 Other Methods of Water Resource Systems Analysis and Synthesis;1988;Developments in Water Science;https://doi.org/10.1016/s0167-5648(08)70929-8
Water Resource Systems;Water Resource Systems Modeling: Its Role in Planning and Management;2017;Water Resource Systems Planning and Management;https://doi.org/10.1007/978-3-319-44234-1_2
Land Water Food and Climate;The Strategic Importance of Food Land and Water;2019;10.1017/9781108690126.003;https://doi.org/10.1017/9781108690126.003
Land Water Food and Climate;Food waste harms climate water land and biodiversity: FAO;2013;10.1071/ec13213;https://doi.org/10.1071/ec13213
Land Water Food and Climate;Water Climate Food Nexus for Green Sustainability;2020;10.1007/978-3-030-41629-4_23;https://doi.org/10.1007/978-3-030-41629-4_23
Land Water Food and Climate;The global governance of climate change forests water and food: normative challenges;2012;10.3920/9789086867530_0004;https://doi.org/10.3920/9789086867530_0004
Aquatic Chemistry;The aquatic environment;1998;Aquatic Environmental Chemistry;https://doi.org/10.1093/hesc/9780198502838.003.0002
Aquatic Chemistry;Aquatic Environmental Chemistry;1998; ;https://doi.org/10.1093/hesc/9780198502838.001.0001
Aquatic Chemistry;The Proton (H+) in Aquatic Chemistry;2019;Aquatic Chemistry Concepts;https://doi.org/10.1201/9780429198861-3
Aquatic Chemistry;Oxidation and reduction;1998;Aquatic Environmental Chemistry;https://doi.org/10.1093/hesc/9780198502838.003.0005
Aquatic Chemistry;The acidity of water;1998;Aquatic Environmental Chemistry;https://doi.org/10.1093/hesc/9780198502838.003.0003
Water Quality Control;Water quality. Guide to analytical quality control for water analysis; ; ;https://doi.org/10.3403/01577664
Water Quality Control;Water quality. Guide to analytical quality control for water analysis; ; ;https://doi.org/10.3403/01577664
Water Quality Control;Water quality. Sampling; ; ;https://doi.org/10.3403/30260858
Water Quality Control;Water quality. Sampling; ; ;https://doi.org/10.3403/30260858
Water Quality Control;Assessment of surface-water quality and water-quality control alternatives Johnson Creek Basin Oregon;1994; ;https://doi.org/10.3133/wri934090
Environmental Engineering Masters of Engineering Project;Treatment of Grey Water Using Natural Zeolites;2019;International Journal of Engineering and Advanced Technology;https://doi.org/10.35940/ijeat.a1008.1091s19
Environmental Engineering Masters of Engineering Project;Increased Lead in Water Associated with Iron Corrosion;2015;Environmental Engineering Science;https://doi.org/10.1089/ees.2014.0400
Environmental Engineering Masters of Engineering Project;Whole Life Costs and Project Procurement in Port Coastal and Fluvial Engineering;2003; ;https://doi.org/10.1680/wlcappipcafehtetcb.32323
Environmental Engineering Masters of Engineering Project;General and Environmental Engineering;1979;Masters Theses in the Pure and Applied Sciences;https://doi.org/10.1007/978-1-4684-3620-4_17
Environmental Engineering Masters of Engineering Project;General and Environmental Engineering;1989;Masters Theses in the Pure and Applied Sciences;https://doi.org/10.1007/978-1-4613-0599-6_17
Atmospheric Chemistry;Inverse Modeling for Atmospheric Chemistry;2017;Modeling of Atmospheric Chemistry;https://doi.org/10.1017/9781316544754.012
Atmospheric Chemistry;Peter V. Hobbs Basic Physical Chemistry for the Atmospheric Sciences and Introduction to Atmospheric Chemistry;2001;Journal of Atmospheric Chemistry;https://doi.org/10.1023/a:1010670623614
Atmospheric Chemistry;Ernö Mészáros: Fundamentals of Atmospheric Aerosol Chemistry;2001;Journal of Atmospheric Chemistry;https://doi.org/10.1023/a:1010753724116
Atmospheric Chemistry;Richard Goody: Principles of Atmospheric Physics and Chemistry;1998;Journal of Atmospheric Chemistry;https://doi.org/10.1023/a:1005917128162
Atmospheric Chemistry;Introduction to Atmospheric Chemistry;2016;Springer Atmospheric Sciences;https://doi.org/10.1007/978-4-441-55870-5_1
Water and Wastewater Treatment Engineering;Water and Wastewater Treatment Processes;2019;Water and Wastewater Engineering;https://doi.org/10.1017/9781108115896.007
Water and Wastewater Treatment Engineering;Strategies for Water and Wastewater Treatment;2019;Water and Wastewater Engineering;https://doi.org/10.1017/9781108115896.010
Water and Wastewater Treatment Engineering;Physico-Chemical Processes for Water and Wastewater Treatment;2019;Water and Wastewater Engineering;https://doi.org/10.1017/9781108115896.008
Water and Wastewater Treatment Engineering;Biological Processes for Water and Wastewater Treatment;2019;Water and Wastewater Engineering;https://doi.org/10.1017/9781108115896.009
Water and Wastewater Treatment Engineering;Advanced Wastewater Treatment;2023;Water and Wastewater Engineering Technology;https://doi.org/10.1201/9781003347941-35
Environmental Microbiology;;2012;Environmental Microbiology;https://doi.org/10.1111/emi.2012.14.issue-7
Environmental Microbiology;;2002;Environmental Microbiology;https://doi.org/10.1111/emi.2002.4.issue-7
Environmental Microbiology;;2015;Environmental Microbiology;https://doi.org/10.1111/emi.2015.17.issue-2
Environmental Microbiology;;2020;Environmental Microbiology;https://doi.org/10.1111/emi.v22.9
Environmental Microbiology;;2023;Environmental Microbiology;https://doi.org/10.1111/emi.v25.11
Environmental Engineering Applications of Geographic Information Systems;Participatory Geographic Information Systems Within a Crowdsourcing Environment With Special Reference to Volunteered Geographic Information;2019;Environmental Information Systems;https://doi.org/10.4018/978-1-5225-7033-2.ch036
Environmental Engineering Applications of Geographic Information Systems;Geographic Information Systems for Risk Evaluation: Perspectives on Applications to Environmental Health;1997;Cartography and Geographic Information Systems;https://doi.org/10.1559/152304097782476960
Environmental Engineering Applications of Geographic Information Systems;Geographic Information Systems in Mining: Applications and Management Potential;2025;International Journal of Scientific Engineering and Research;https://doi.org/10.70729/se25716114733
Environmental Engineering Applications of Geographic Information Systems;Applications of Marine Geographic Information Systems (GIS) in Ocean Surveying;2024;Journal of Environmental and Building Engineering;https://doi.org/10.70767/jebe.v1i1.102
Environmental Engineering Applications of Geographic Information Systems;Fundamentals of Remote Sensing and Geographic Information Systems for Hydrologic Applications;2003;Environmental Hydrology;https://doi.org/10.1201/b13148-18
A Sustainable Transportation Plan for MIT;Chongqing Intelligent Transport System Plan;2012;Sustainable Transportation Systems;https://doi.org/10.1061/9780784412299.0033
A Sustainable Transportation Plan for MIT;Evaluating Plan Alternatives for Transportation System Sustainability: Atlanta Metropolitan Region;2010;International Journal of Sustainable Transportation;https://doi.org/10.1080/15568310902940209
A Sustainable Transportation Plan for MIT;Sustainable Urban Logistics Plan – current situation of the city of Poznań;2019;Transportation Research Procedia;https://doi.org/10.1016/j.trpro.2019.06.006
A Sustainable Transportation Plan for MIT;Barrier-Free Plan for Sustainable Use of Osaka's Municipal Subway System;2004;Urban Public Transportation System;https://doi.org/10.1061/40717(148)22
A Sustainable Transportation Plan for MIT;Walking System Problems Analysis and Plan Conception in Chongqing City;2014;Challenges and Advances in Sustainable Transportation Systems;https://doi.org/10.1061/9780784413364.019
Design for Sustainability;“Green” conceptual design toward design for environmental sustainability;2021;Design for Sustainability;https://doi.org/10.1016/b978-0-12-819482-9.00008-3
Design for Sustainability;#NOM?;2015;Green Design and Manufacturing for Sustainability;https://doi.org/10.1201/b19526-14
Design for Sustainability;Integrative Design Classes for Environmental Sustainability of Interior Architectural Design;2020;Sustainability;https://doi.org/10.3390/su12187383
Design for Sustainability;Teaching Design for Sustainability from Product Design to Design for Sustainability Transitions;2024;Routledge Handbook of Sustainable Design;https://doi.org/10.4324/9781003365433-46
Design for Sustainability;Sustainability by design;2019;Holistic Sustainability Through Craft-Design Collaboration;https://doi.org/10.4324/9781351065665-3
From Nano to Macro: Introduction to Atomistic Modeling Techniques;Introduction;2011;Modeling Materials;https://doi.org/10.1017/cbo9781139003582.003
From Nano to Macro: Introduction to Atomistic Modeling Techniques;Atomistic–continuum coupling: static methods;2011;Modeling Materials;https://doi.org/10.1017/cbo9781139003582.014
From Nano to Macro: Introduction to Atomistic Modeling Techniques;Empirical atomistic models of materials;2011;Modeling Materials;https://doi.org/10.1017/cbo9781139003582.007
From Nano to Macro: Introduction to Atomistic Modeling Techniques;Atomistic constitutive relations for multilattice crystals;2011;Modeling Materials;https://doi.org/10.1017/cbo9781139003582.013
From Nano to Macro: Introduction to Atomistic Modeling Techniques;Atomistic–continuum coupling: finite temperature and dynamics;2011;Modeling Materials;https://doi.org/10.1017/cbo9781139003582.015
How and Why Machines Work;How slot machines work – and why you should think twice before playing them;2018; ;https://doi.org/10.64628/aai.sr93v669c
How and Why Machines Work;Aqueous cleaning machines: How they work and why—part III;2009;Metal Finishing;https://doi.org/10.1016/s0026-0576(09)80106-2
How and Why Machines Work;The Why and How of Machines;2019;Inventing Cinema;https://doi.org/10.1017/9789048550463.002
How and Why Machines Work;The Why and How of Machines;2019;Inventing Cinema;https://doi.org/10.2307/j.ctvqsf379.5
How and Why Machines Work;The Why and How of Machines;2025;Inventing Cinema;https://doi.org/10.5117/9789463724623_ch01
Mechanics & Materials I;Mechanics of creep brittle materials;1991;Mechanics of Materials;https://doi.org/10.1016/0167-6636(91)90042-x
Mechanics & Materials I;Graduate research fellowships in advanced materials mechanics;1986;Mechanics of Materials;https://doi.org/10.1016/0167-6636(86)90025-6
Mechanics & Materials I;#NOM?;2013;Mechanics of Materials;https://doi.org/10.1201/b15431-5
Mechanics & Materials I;Mechanics of Materials: Special Issue “Nanostructured Materials”;2013;Mechanics of Materials;https://doi.org/10.1016/j.mechmat.2013.09.012
Mechanics & Materials I;MECHANICS OF COMPOSITE MATERIALS;1983;Mechanics of Composite Materials;https://doi.org/10.1016/b978-0-08-029384-4.50040-7
Mechanics and Materials II;Advanced Materials Design and Mechanics II;2013;Applied Mechanics and Materials;https://doi.org/10.4028/b-1iridr
Mechanics and Materials II;Editorial Board;2019;Mechanics of Materials;https://doi.org/10.1016/s0167-6636(19)30156-5
Mechanics and Materials II;Editorial Board;2018;Mechanics of Materials;https://doi.org/10.1016/s0167-6636(18)30474-5
Mechanics and Materials II;Editorial Board;2019;Mechanics of Materials;https://doi.org/10.1016/s0167-6636(19)30316-3
Mechanics and Materials II;Editorial Board;2019;Mechanics of Materials;https://doi.org/10.1016/s0167-6636(19)30209-1
Modeling Dynamics and Control I;Dynamics Modeling and Control of Cascaded Systems;2021;Advanced Dynamics Modeling Duality and Control of Robotic Systems;https://doi.org/10.1201/9781003129165-8
Modeling Dynamics and Control I;Robot Dynamics Modeling;2021;Advanced Dynamics Modeling Duality and Control of Robotic Systems;https://doi.org/10.1201/9781003129165-3
Modeling Dynamics and Control I;Advanced Dynamics Modeling;2021;Advanced Dynamics Modeling Duality and Control of Robotic Systems;https://doi.org/10.1201/9781003129165-4
Modeling Dynamics and Control I;Vehicle Dynamics Modeling;2021;Automotive Control;https://doi.org/10.1007/978-3-642-39440-9_4
Modeling Dynamics and Control I;Nonlinear Dynamics and Modeling;2018;Modeling and Control of Precision Actuators;https://doi.org/10.1201/9781315216270-6
Dynamics and Vibration (13.013J);·13 ELECTROMECHANICAL ACTIVE VIBRATION;1998;System Dynamics;https://doi.org/10.1201/9781482269895-83
Dynamics and Vibration (13.013J);Selecting Solution Procedures for NonlinearStructural Dynamics;1975;The Shock and Vibration Digest;https://doi.org/10.1177/058310247500700402
Dynamics and Vibration (13.013J);Aircraft Crash Dynamics: Some Major Considerations;1981;The Shock and Vibration Digest;https://doi.org/10.1177/058310248101300303
Dynamics and Vibration (13.013J);Recent Research in Composite and Sandwich Plate Dynamics;1979;The Shock and Vibration Digest;https://doi.org/10.1177/058310247901101003
Dynamics and Vibration (13.013J);Comparing the Accuracy and Sensitivity of Mesh-Free and Finite Element Methods in Vibration Analysis;2025;Dynamics;https://doi.org/10.3390/dynamics5020013
Dynamics and Control I;Vehicle Dynamics Control;2016;Vehicle Dynamics Stability and Control;https://doi.org/10.1201/b13767-14
Dynamics and Control I;Journal of Economic Dynamics and Control;2013;Journal of Economic Dynamics and Control;https://doi.org/10.1016/j.jedc.2013.05.013
Dynamics and Control I;Dynamics of a versatile sliding control;1995;Dynamics and Control;https://doi.org/10.1007/bf01968502
Dynamics and Control I;Society for economic dynamics and control;1991;Journal of Economic Dynamics and Control;https://doi.org/10.1016/0165-1889(91)90045-3
Dynamics and Control I;Society for Economic Dynamics and Control;1993;Journal of Economic Dynamics and Control;https://doi.org/10.1016/s0165-1889(06)80014-x
